"","GO.ID","Term","Annotated","Significant","Expected","Rank in Fisher.classic","Fisher.elim","Fisher.classic"
"1","GO:0005344","oxygen carrier activity",10,6,0.28,1,"8.5e-08","8.5e-08"
"2","GO:0140104","molecular carrier activity",12,6,0.34,2,"1.00000","3.6e-07"
"3","GO:0019825","oxygen binding",15,5,0.42,3,"3.9e-05","3.9e-05"
"4","GO:0016684","oxidoreductase activity, acting on perox...",16,4,0.45,4,"1.00000","0.00084"
"5","GO:0004601","peroxidase activity",16,4,0.45,5,"0.00084","0.00084"
"6","GO:0016209","antioxidant activity",24,4,0.68,6,"1.00000","0.00413"
"7","GO:0020037","heme binding",41,5,1.16,7,"0.00545","0.00545"
"8","GO:0046906","tetrapyrrole binding",44,5,1.24,8,"1.00000","0.00739"
"9","GO:0019201","nucleotide kinase activity",5,2,0.14,9,"0.00746","0.00746"
"10","GO:0048020","CCR chemokine receptor binding",8,2,0.23,10,"0.01975","0.01975"
"11","GO:0005506","iron ion binding",56,5,1.58,11,"0.01990","0.01990"
"12","GO:0001228","transcriptional activator activity, RNA ...",78,6,2.2,12,"0.02183","0.02183"
"13","GO:0042277","peptide binding",59,5,1.66,13,"0.02441","0.02441"
"14","GO:0004715","non-membrane spanning protein tyrosine k...",9,2,0.25,14,"0.02493","0.02493"
"15","GO:0008235","metalloexopeptidase activity",10,2,0.28,15,"0.03060","0.03060"
"16","GO:0000981","RNA polymerase II transcription factor a...",160,9,4.51,16,"0.03547","0.03547"
"17","GO:0019239","deaminase activity",11,2,0.31,17,"0.03672","0.03672"
"18","GO:0016776","phosphotransferase activity, phosphate g...",12,2,0.34,18,"0.04326","0.04326"
"19","GO:0016814","hydrolase activity, acting on carbon-nit...",12,2,0.34,19,"0.04326","0.04326"
"20","GO:0033218","amide binding",70,5,1.97,20,"0.04632","0.04632"
"21","GO:0005126","cytokine receptor binding",72,5,2.03,21,"0.05125","0.05125"
"22","GO:1903231","mRNA binding involved in posttranscripti...",14,2,0.39,22,"0.05752","0.05752"
"23","GO:0000977","RNA polymerase II regulatory region sequ...",128,7,3.61,23,"0.06817","0.06817"
"24","GO:0001012","RNA polymerase II regulatory region DNA ...",128,7,3.61,24,"0.06817","0.06817"
"25","GO:0004896","cytokine receptor activity",34,3,0.96,25,"0.06946","0.06946"
"26","GO:0019205","nucleobase-containing compound kinase ac...",16,2,0.45,26,"1.00000","0.07314"
"27","GO:0001540","amyloid-beta binding",17,2,0.48,27,"0.08141","0.08141"
"28","GO:0042379","chemokine receptor binding",17,2,0.48,28,"0.08141","0.08141"
"29","GO:0015291","secondary active transmembrane transport...",59,4,1.66,29,"0.08364","0.08364"
"30","GO:0016746","transferase activity, transferring acyl ...",60,4,1.69,30,"0.08775","0.08775"
"31","GO:0060089","molecular transducer activity",372,15,10.49,31,"0.09825","0.09825"
"32","GO:0005125","cytokine activity",64,4,1.8,32,"0.10516","0.10516"
"33","GO:0043565","sequence-specific DNA binding",200,9,5.64,33,"0.10958","0.10958"
"34","GO:0003700","DNA binding transcription factor activit...",260,11,7.33,34,"0.11367","0.11367"
"35","GO:0048018","receptor ligand activity",118,6,3.33,35,"0.11455","0.11455"
"36","GO:0005089","Rho guanyl-nucleotide exchange factor ac...",21,2,0.59,36,"0.11699","0.11699"
"37","GO:0000976","transcription regulatory region sequence...",148,7,4.17,37,"0.12277","0.12277"
"38","GO:0005085","guanyl-nucleotide exchange factor activi...",94,5,2.65,38,"0.12473","0.12473"
"39","GO:0004872","receptor activity",357,14,10.07,39,"0.12753","0.12753"
"40","GO:0044212","transcription regulatory region DNA bind...",178,8,5.02,40,"0.12781","0.12781"
"41","GO:0030545","receptor regulator activity",122,6,3.44,41,"0.12866","0.12866"
"42","GO:0000975","regulatory region DNA binding",179,8,5.05,42,"0.13078","0.13078"
"43","GO:0001067","regulatory region nucleic acid binding",179,8,5.05,43,"0.13078","0.13078"
"44","GO:0052866","phosphatidylinositol phosphate phosphata...",5,1,0.14,44,"0.13331","0.13331"
"45","GO:0030169","low-density lipoprotein particle binding",5,1,0.14,45,"0.13331","0.13331"
"46","GO:0086080","protein binding involved in heterotypic ...",5,1,0.14,46,"0.13331","0.13331"
"47","GO:0001221","transcription cofactor binding",5,1,0.14,47,"0.13331","0.13331"
"48","GO:0032050","clathrin heavy chain binding",5,1,0.14,48,"0.13331","0.13331"
"49","GO:0015925","galactosidase activity",5,1,0.14,49,"0.13331","0.13331"
"50","GO:0001091","RNA polymerase II basal transcription fa...",5,1,0.14,50,"0.13331","0.13331"
"51","GO:0017025","TBP-class protein binding",5,1,0.14,51,"0.13331","0.13331"
"52","GO:0004565","beta-galactosidase activity",5,1,0.14,52,"0.13331","0.13331"
"53","GO:0034593","phosphatidylinositol bisphosphate phosph...",5,1,0.14,53,"0.13331","0.13331"
"54","GO:0044325","ion channel binding",23,2,0.65,54,"0.13601","0.13601"
"55","GO:0004713","protein tyrosine kinase activity",46,3,1.3,55,"0.13893","0.13893"
"56","GO:0005088","Ras guanyl-nucleotide exchange factor ac...",72,4,2.03,56,"0.14420","0.14420"
"57","GO:1990837","sequence-specific double-stranded DNA bi...",157,7,4.43,57,"0.15304","0.15304"
"58","GO:0005200","structural constituent of cytoskeleton",25,2,0.7,58,"0.15566","0.15566"
"59","GO:0004181","metallocarboxypeptidase activity",6,1,0.17,59,"0.15777","0.15777"
"60","GO:0004953","icosanoid receptor activity",6,1,0.17,60,"0.15777","0.15777"
"61","GO:0005031","tumor necrosis factor-activated receptor...",6,1,0.17,61,"0.15777","0.15777"
"62","GO:0005035","death receptor activity",6,1,0.17,62,"0.15777","0.15777"
"63","GO:0030676","Rac guanyl-nucleotide exchange factor ac...",6,1,0.17,63,"0.15777","0.15777"
"64","GO:0004312","fatty acid synthase activity",6,1,0.17,64,"0.15777","0.15777"
"65","GO:0016747","transferase activity, transferring acyl ...",49,3,1.38,65,"0.15900","0.15900"
"66","GO:0032550","purine ribonucleoside binding",103,5,2.9,66,"0.16406","0.16406"
"67","GO:0005525","GTP binding",103,5,2.9,67,"0.16406","0.16406"
"68","GO:0008238","exopeptidase activity",26,2,0.73,68,"0.16567","0.16567"
"69","GO:0017022","myosin binding",26,2,0.73,69,"0.16567","0.16567"
"70","GO:0005516","calmodulin binding",50,3,1.41,70,"0.16589","0.16589"
"71","GO:0032549","ribonucleoside binding",104,5,2.93,71,"0.16871","0.16871"
"72","GO:0001883","purine nucleoside binding",104,5,2.93,72,"0.16871","0.16871"
"73","GO:0008146","sulfotransferase activity",7,1,0.2,73,"0.18155","0.18155"
"74","GO:0030507","spectrin binding",7,1,0.2,74,"0.18155","0.18155"
"75","GO:0070888","E-box binding",7,1,0.2,75,"0.18155","0.18155"
"76","GO:0017075","syntaxin-1 binding",7,1,0.2,76,"0.18155","0.18155"
"77","GO:0005041","low-density lipoprotein receptor activit...",7,1,0.2,77,"0.18155","0.18155"
"78","GO:0005154","epidermal growth factor receptor binding",7,1,0.2,78,"0.18155","0.18155"
"79","GO:0015020","glucuronosyltransferase activity",7,1,0.2,79,"0.18155","0.18155"
"80","GO:0017160","Ral GTPase binding",7,1,0.2,80,"0.18155","0.18155"
"81","GO:0042287","MHC protein binding",7,1,0.2,81,"0.18155","0.18155"
"82","GO:0043621","protein self-association",7,1,0.2,82,"0.18155","0.18155"
"83","GO:0005452","inorganic anion exchanger activity",7,1,0.2,83,"0.18155","0.18155"
"84","GO:0032561","guanyl ribonucleotide binding",107,5,3.02,84,"0.18298","0.18298"
"85","GO:0019001","guanyl nucleotide binding",107,5,3.02,85,"0.18298","0.18298"
"86","GO:0001882","nucleoside binding",107,5,3.02,86,"0.18298","0.18298"
"87","GO:0001085","RNA polymerase II transcription factor b...",28,2,0.79,87,"0.18602","0.18602"
"88","GO:0008514","organic anion transmembrane transporter ...",55,3,1.55,88,"0.20152","0.20152"
"89","GO:0016409","palmitoyltransferase activity",8,1,0.23,89,"0.20467","0.20467"
"90","GO:0001784","phosphotyrosine residue binding",8,1,0.23,90,"0.20467","0.20467"
"91","GO:0030228","lipoprotein particle receptor activity",8,1,0.23,91,"0.20467","0.20467"
"92","GO:0005343","organic acid:sodium symporter activity",8,1,0.23,92,"0.20467","0.20467"
"93","GO:0016755","transferase activity, transferring amino...",8,1,0.23,93,"0.20467","0.20467"
"94","GO:0005086","ARF guanyl-nucleotide exchange factor ac...",8,1,0.23,94,"0.20467","0.20467"
"95","GO:0016493","C-C chemokine receptor activity",8,1,0.23,95,"0.20467","0.20467"
"96","GO:0019843","rRNA binding",8,1,0.23,96,"0.20467","0.20467"
"97","GO:0000030","mannosyltransferase activity",8,1,0.23,97,"0.20467","0.20467"
"98","GO:0001103","RNA polymerase II repressing transcripti...",8,1,0.23,98,"0.20467","0.20467"
"99","GO:0004550","nucleoside diphosphate kinase activity",8,1,0.23,99,"0.20467","0.20467"
"100","GO:0003725","double-stranded RNA binding",8,1,0.23,100,"0.20467","0.20467"
"101","GO:0016757","transferase activity, transferring glyco...",83,4,2.34,101,"0.20549","0.20549"
"102","GO:0004553","hydrolase activity, hydrolyzing O-glycos...",30,2,0.85,102,"0.20671","0.20671"
"103","GO:0000287","magnesium ion binding",56,3,1.58,103,"0.20886","0.20886"
"104","GO:0022804","active transmembrane transporter activit...",85,4,2.4,104,"0.21738","0.21738"
"105","GO:0003690","double-stranded DNA binding",174,7,4.91,105,"0.21850","0.21850"
"106","GO:0019904","protein domain specific binding",175,7,4.93,106,"0.22265","0.22265"
"107","GO:0016620","oxidoreductase activity, acting on the a...",9,1,0.25,107,"0.22714","0.22714"
"108","GO:0015145","monosaccharide transmembrane transporter...",9,1,0.25,108,"0.22714","0.22714"
"109","GO:0061650","ubiquitin-like protein conjugating enzym...",9,1,0.25,109,"0.22714","0.22714"
"110","GO:0004177","aminopeptidase activity",9,1,0.25,110,"0.22714","0.22714"
"111","GO:0005547","phosphatidylinositol-3,4,5-trisphosphate...",9,1,0.25,111,"0.22714","0.22714"
"112","GO:0098632","cell-cell adhesion mediator activity",9,1,0.25,112,"0.22714","0.22714"
"113","GO:0061631","ubiquitin conjugating enzyme activity",9,1,0.25,113,"0.22714","0.22714"
"114","GO:0003727","single-stranded RNA binding",9,1,0.25,114,"0.22714","0.22714"
"115","GO:0003779","actin binding",88,4,2.48,115,"0.23556","0.23556"
"116","GO:1990841","promoter-specific chromatin binding",10,1,0.28,116,"0.24897","0.24897"
"117","GO:0008374","O-acyltransferase activity",10,1,0.28,117,"0.24897","0.24897"
"118","GO:0004180","carboxypeptidase activity",10,1,0.28,118,"0.24897","0.24897"
"119","GO:0031489","myosin V binding",10,1,0.28,119,"0.24897","0.24897"
"120","GO:0045309","protein phosphorylated amino acid bindin...",10,1,0.28,120,"0.24897","0.24897"
"121","GO:0071813","lipoprotein particle binding",10,1,0.28,121,"0.24897","0.24897"
"122","GO:0071814","protein-lipid complex binding",10,1,0.28,122,"0.24897","0.24897"
"123","GO:0051879","Hsp90 protein binding",10,1,0.28,123,"0.24897","0.24897"
"124","GO:0003823","antigen binding",10,1,0.28,124,"0.24897","0.24897"
"125","GO:0016798","hydrolase activity, acting on glycosyl b...",35,2,0.99,125,"0.25924","0.25924"
"126","GO:0008307","structural constituent of muscle",11,1,0.31,126,"0.27020","0.27020"
"127","GO:0004888","transmembrane signaling receptor activit...",251,9,7.08,127,"0.27530","0.27530"
"128","GO:0140110","transcription regulator activity",349,12,9.84,128,"0.27741","0.27741"
"129","GO:0038023","signaling receptor activity",284,10,8.01,129,"0.27798","0.27798"
"130","GO:0016628","oxidoreductase activity, acting on the C...",12,1,0.34,130,"0.29083","0.29083"
"131","GO:0016903","oxidoreductase activity, acting on the a...",12,1,0.34,131,"0.29083","0.29083"
"132","GO:0008373","sialyltransferase activity",12,1,0.34,132,"0.29083","0.29083"
"133","GO:0004712","protein serine/threonine/tyrosine kinase...",12,1,0.34,133,"0.29083","0.29083"
"134","GO:0005520","insulin-like growth factor binding",12,1,0.34,134,"0.29083","0.29083"
"135","GO:0016616","oxidoreductase activity, acting on the C...",38,2,1.07,135,"0.29092","0.29092"
"136","GO:0008528","G-protein coupled peptide receptor activ...",38,2,1.07,136,"0.29092","0.29092"
"137","GO:0004672","protein kinase activity",160,6,4.51,137,"0.29603","0.29603"
"138","GO:0001653","peptide receptor activity",39,2,1.1,138,"0.30146","0.30146"
"139","GO:0005102","receptor binding",390,13,11,139,"0.30360","0.30360"
"140","GO:0008092","cytoskeletal protein binding",226,8,6.37,140,"0.30464","0.30464"
"141","GO:0004879","nuclear receptor activity",13,1,0.37,141,"0.31088","0.31088"
"142","GO:0051119","sugar transmembrane transporter activity",13,1,0.37,142,"0.31088","0.31088"
"143","GO:0098531","transcription factor activity, direct li...",13,1,0.37,143,"0.31088","0.31088"
"144","GO:0015296","anion:cation symporter activity",13,1,0.37,144,"0.31088","0.31088"
"145","GO:0015293","symporter activity",40,2,1.13,145,"0.31197","0.31197"
"146","GO:0016491","oxidoreductase activity",229,8,6.46,146,"0.84347","0.31738"
"147","GO:0005342","organic acid transmembrane transporter a...",41,2,1.16,147,"0.32244","0.32244"
"148","GO:0046943","carboxylic acid transmembrane transporte...",41,2,1.16,148,"0.32244","0.32244"
"149","GO:0003729","mRNA binding",41,2,1.16,149,"0.32244","0.32244"
"150","GO:0001637","G-protein coupled chemoattractant recept...",14,1,0.39,150,"0.33037","0.33037"
"151","GO:0030170","pyridoxal phosphate binding",14,1,0.39,151,"0.33037","0.33037"
"152","GO:0070491","repressing transcription factor binding",14,1,0.39,152,"0.33037","0.33037"
"153","GO:0070279","vitamin B6 binding",14,1,0.39,153,"0.33037","0.33037"
"154","GO:0004950","chemokine receptor activity",14,1,0.39,154,"0.33037","0.33037"
"155","GO:0001098","basal transcription machinery binding",14,1,0.39,155,"0.33037","0.33037"
"156","GO:0001099","basal RNA polymerase II transcription ma...",14,1,0.39,156,"0.33037","0.33037"
"157","GO:0098631","cell adhesion mediator activity",14,1,0.39,157,"0.33037","0.33037"
"158","GO:0099600","transmembrane receptor activity",265,9,7.47,158,"0.33054","0.33054"
"159","GO:0051427","hormone receptor binding",43,2,1.21,159,"0.34328","0.34328"
"160","GO:0017048","Rho GTPase binding",43,2,1.21,160,"0.34328","0.34328"
"161","GO:0008376","acetylgalactosaminyltransferase activity",15,1,0.42,161,"0.34931","0.34931"
"162","GO:0016782","transferase activity, transferring sulfu...",15,1,0.42,162,"0.34931","0.34931"
"163","GO:0015144","carbohydrate transmembrane transporter a...",15,1,0.42,163,"0.34931","0.34931"
"164","GO:0015370","solute:sodium symporter activity",15,1,0.42,164,"0.34931","0.34931"
"165","GO:0008028","monocarboxylic acid transmembrane transp...",15,1,0.42,165,"0.34931","0.34931"
"166","GO:0008013","beta-catenin binding",15,1,0.42,166,"0.34931","0.34931"
"167","GO:0008009","chemokine activity",15,1,0.42,167,"0.34931","0.34931"
"168","GO:0008083","growth factor activity",44,2,1.24,168,"0.35362","0.35362"
"169","GO:0005215","transporter activity",372,12,10.49,169,"0.93295","0.35597"
"170","GO:0016614","oxidoreductase activity, acting on CH-OH...",45,2,1.27,170,"0.36391","0.36391"
"171","GO:0019894","kinesin binding",16,1,0.45,171,"0.36772","0.36772"
"172","GO:0048365","Rac GTPase binding",16,1,0.45,172,"0.36772","0.36772"
"173","GO:0051117","ATPase binding",16,1,0.45,173,"0.36772","0.36772"
"174","GO:0051287","NAD binding",16,1,0.45,174,"0.36772","0.36772"
"175","GO:0008509","anion transmembrane transporter activity",77,3,2.17,175,"0.37051","0.37051"
"176","GO:0000978","RNA polymerase II core promoter proximal...",78,3,2.2,176,"0.37826","0.37826"
"177","GO:0016810","hydrolase activity, acting on carbon-nit...",47,2,1.33,177,"0.38429","0.38429"
"178","GO:0016301","kinase activity",211,7,5.95,178,"0.68522","0.38505"
"179","GO:0030276","clathrin binding",17,1,0.48,179,"0.38562","0.38562"
"180","GO:0035091","phosphatidylinositol binding",48,2,1.35,180,"0.39438","0.39438"
"181","GO:0043167","ion binding",1568,46,44.21,181,"0.39941","0.39941"
"182","GO:0046914","transition metal ion binding",282,9,7.95,182,"0.40009","0.40009"
"183","GO:0019003","GDP binding",18,1,0.51,183,"0.40301","0.40301"
"184","GO:0000049","tRNA binding",18,1,0.51,184,"0.40301","0.40301"
"185","GO:0004871","signal transducer activity",351,11,9.9,185,"0.40302","0.40302"
"186","GO:0008237","metallopeptidase activity",49,2,1.38,186,"0.40440","0.40440"
"187","GO:0000987","core promoter proximal region sequence-s...",83,3,2.34,187,"0.41670","0.41670"
"188","GO:0001159","core promoter proximal region DNA bindin...",83,3,2.34,188,"0.41670","0.41670"
"189","GO:0016740","transferase activity",632,19,17.82,189,"0.58315","0.41877"
"190","GO:0098772","molecular function regulator",459,14,12.94,190,"0.41977","0.41977"
"191","GO:0051219","phosphoprotein binding",19,1,0.54,191,"0.41992","0.41992"
"192","GO:0035326","enhancer binding",19,1,0.54,192,"0.41992","0.41992"
"193","GO:0042826","histone deacetylase binding",19,1,0.54,193,"0.41992","0.41992"
"194","GO:0046872","metal ion binding",1057,31,29.8,194,"0.43408","0.43408"
"195","GO:0005070","SH3/SH2 adaptor activity",20,1,0.56,195,"0.43634","0.43634"
"196","GO:0001227","transcriptional repressor activity, RNA ...",53,2,1.49,196,"0.44365","0.44365"
"197","GO:0030674","protein binding, bridging",53,2,1.49,197,"0.44365","0.44365"
"198","GO:0015171","amino acid transmembrane transporter act...",21,1,0.59,198,"0.45231","0.45231"
"199","GO:0008081","phosphoric diester hydrolase activity",21,1,0.59,199,"0.45231","0.45231"
"200","GO:0016410","N-acyltransferase activity",21,1,0.59,200,"0.45231","0.45231"
"201","GO:0015671","oxygen transport",10,6,0.28,1,"8.2e-08","8.2e-08"
"202","GO:0015669","gas transport",11,6,0.31,2,"1.00000","1.8e-07"
"203","GO:0051249","regulation of lymphocyte activation",104,14,2.91,3,"1.00000","8.1e-07"
"204","GO:0032944","regulation of mononuclear cell prolifera...",54,10,1.51,4,"1.00000","1.7e-06"
"205","GO:0050670","regulation of lymphocyte proliferation",54,10,1.51,5,"0.00607","1.7e-06"
"206","GO:0070663","regulation of leukocyte proliferation",55,10,1.54,6,"1.00000","2.1e-06"
"207","GO:0002694","regulation of leukocyte activation",134,15,3.75,7,"0.76254","3.5e-06"
"208","GO:0046649","lymphocyte activation",156,16,4.37,8,"0.59003","5.2e-06"
"209","GO:0050865","regulation of cell activation",141,15,3.95,9,"0.80188","6.7e-06"
"210","GO:0046651","lymphocyte proliferation",64,10,1.79,10,"1.00000","8.6e-06"
"211","GO:0032943","mononuclear cell proliferation",64,10,1.79,11,"1.00000","8.6e-06"
"212","GO:0050863","regulation of T cell activation",79,11,2.21,12,"0.19427","9.5e-06"
"213","GO:0070661","leukocyte proliferation",67,10,1.88,13,"1.00000","1.3e-05"
"214","GO:1903037","regulation of leukocyte cell-cell adhesi...",82,11,2.3,14,"0.22327","1.4e-05"
"215","GO:0007159","leukocyte cell-cell adhesion",87,11,2.44,15,"0.27220","2.4e-05"
"216","GO:0030888","regulation of B cell proliferation",14,5,0.39,16,"0.02353","2.6e-05"
"217","GO:0045589","regulation of regulatory T cell differen...",8,4,0.22,17,"3.8e-05","3.8e-05"
"218","GO:0045066","regulatory T cell differentiation",8,4,0.22,18,"1.00000","3.8e-05"
"219","GO:0022407","regulation of cell-cell adhesion",97,11,2.72,19,"0.36913","6.8e-05"
"220","GO:0050864","regulation of B cell activation",27,6,0.76,20,"0.02099","7.8e-05"
"221","GO:0042110","T cell activation",117,12,3.28,21,"0.27008","8.5e-05"
"222","GO:0042100","B cell proliferation",19,5,0.53,22,"0.05443","0.00013"
"223","GO:0042113","B cell activation",42,7,1.18,23,"0.01748","0.00014"
"224","GO:0030889","negative regulation of B cell proliferat...",5,3,0.14,24,"0.00021","0.00021"
"225","GO:0050870","positive regulation of T cell activation",45,7,1.26,25,"0.00445","0.00021"
"226","GO:0051251","positive regulation of lymphocyte activa...",61,8,1.71,26,"1.00000","0.00025"
"227","GO:1903039","positive regulation of leukocyte cell-ce...",47,7,1.32,27,"1.00000","0.00028"
"228","GO:0098609","cell-cell adhesion",177,14,4.96,28,"0.35722","0.00036"
"229","GO:0032501","multicellular organismal process",1638,64,45.89,29,"0.00903","0.00045"
"230","GO:0030217","T cell differentiation",51,7,1.43,30,"0.10989","0.00047"
"231","GO:0030155","regulation of cell adhesion",164,13,4.59,31,"0.36143","0.00058"
"232","GO:0042102","positive regulation of T cell proliferat...",26,5,0.73,32,"0.01892","0.00065"
"233","GO:0042129","regulation of T cell proliferation",40,6,1.12,33,"0.01487","0.00075"
"234","GO:0045580","regulation of T cell differentiation",27,5,0.76,34,"0.40760","0.00078"
"235","GO:0022409","positive regulation of cell-cell adhesio...",56,7,1.57,35,"1.00000","0.00084"
"236","GO:0030098","lymphocyte differentiation",73,8,2.04,36,"0.17069","0.00088"
"237","GO:0007043","cell-cell junction assembly",17,4,0.48,37,"0.00105","0.00105"
"238","GO:0002696","positive regulation of leukocyte activat...",75,8,2.1,38,"1.00000","0.00105"
"239","GO:0050869","negative regulation of B cell activation",8,3,0.22,39,"1.00000","0.00108"
"240","GO:0046631","alpha-beta T cell activation",29,5,0.81,40,"0.02712","0.00110"
"241","GO:0002695","negative regulation of leukocyte activat...",43,6,1.2,41,"0.08418","0.00111"
"242","GO:0050867","positive regulation of cell activation",77,8,2.16,42,"1.00000","0.00125"
"243","GO:0045321","leukocyte activation",325,19,9.1,43,"0.75511","0.00150"
"244","GO:0042744","hydrogen peroxide catabolic process",9,3,0.25,44,"0.00159","0.00159"
"245","GO:0042098","T cell proliferation",46,6,1.29,45,"0.02536","0.00160"
"246","GO:0032945","negative regulation of mononuclear cell ...",19,4,0.53,46,"0.32205","0.00164"
"247","GO:0050672","negative regulation of lymphocyte prolif...",19,4,0.53,47,"0.32205","0.00164"
"248","GO:0070664","negative regulation of leukocyte prolife...",19,4,0.53,48,"0.32205","0.00164"
"249","GO:0098754","detoxification",32,5,0.9,49,"0.12906","0.00174"
"250","GO:0050866","negative regulation of cell activation",47,6,1.32,50,"0.10607","0.00179"
"251","GO:0032946","positive regulation of mononuclear cell ...",33,5,0.92,51,"0.04056","0.00201"
"252","GO:0050671","positive regulation of lymphocyte prolif...",33,5,0.92,52,"0.04056","0.00201"
"253","GO:0009636","response to toxic substance",66,7,1.85,53,"0.08873","0.00225"
"254","GO:0045619","regulation of lymphocyte differentiation",34,5,0.95,54,"1.00000","0.00230"
"255","GO:0070665","positive regulation of leukocyte prolife...",34,5,0.95,55,"0.04436","0.00230"
"256","GO:0046634","regulation of alpha-beta T cell activati...",21,4,0.59,56,"0.07035","0.00242"
"257","GO:0001775","cell activation",365,20,10.22,57,"0.74013","0.00245"
"258","GO:0046635","positive regulation of alpha-beta T cell...",11,3,0.31,58,"0.15454","0.00300"
"259","GO:0002250","adaptive immune response",110,9,3.08,59,"0.00338","0.00338"
"260","GO:0008283","cell proliferation",514,25,14.4,60,"0.21030","0.00356"
"261","GO:0042127","regulation of cell proliferation",411,21,11.51,61,"0.32203","0.00441"
"262","GO:0042743","hydrogen peroxide metabolic process",13,3,0.36,62,"1.00000","0.00499"
"263","GO:0045785","positive regulation of cell adhesion",97,8,2.72,63,"0.75663","0.00540"
"264","GO:0048518","positive regulation of biological proces...",1343,51,37.62,64,"0.04112","0.00581"
"265","GO:0015749","monosaccharide transport",42,5,1.18,65,"0.00589","0.00589"
"266","GO:0098869","cellular oxidant detoxification",27,4,0.76,66,"0.00624","0.00624"
"267","GO:1902107","positive regulation of leukocyte differe...",28,4,0.78,67,"0.28391","0.00712"
"268","GO:0046641","positive regulation of alpha-beta T cell...",5,2,0.14,68,"0.00736","0.00736"
"269","GO:0032288","myelin assembly",5,2,0.14,69,"0.00736","0.00736"
"270","GO:0001816","cytokine production",170,11,4.76,70,"0.05920","0.00752"
"271","GO:0048522","positive regulation of cellular process",1198,46,33.56,71,"0.06012","0.00801"
"272","GO:0014013","regulation of gliogenesis",29,4,0.81,72,"0.00809","0.00809"
"273","GO:1990748","cellular detoxification",29,4,0.81,73,"1.00000","0.00809"
"274","GO:0097237","cellular response to toxic substance",30,4,0.84,74,"1.00000","0.00914"
"275","GO:0034113","heterotypic cell-cell adhesion",16,3,0.45,75,"0.00919","0.00919"
"276","GO:0045621","positive regulation of lymphocyte differ...",16,3,0.45,76,"0.00919","0.00919"
"277","GO:0042108","positive regulation of cytokine biosynth...",16,3,0.45,77,"0.00919","0.00919"
"278","GO:0015701","bicarbonate transport",16,3,0.45,78,"0.00919","0.00919"
"279","GO:0002684","positive regulation of immune system pro...",250,14,7,79,"0.44081","0.00940"
"280","GO:0008366","axon ensheathment",31,4,0.87,80,"0.15995","0.01027"
"281","GO:0042552","myelination",31,4,0.87,81,"0.15995","0.01027"
"282","GO:0007272","ensheathment of neurons",31,4,0.87,82,"0.15995","0.01027"
"283","GO:0046640","regulation of alpha-beta T cell prolifer...",6,2,0.17,83,"1.00000","0.01084"
"284","GO:0046827","positive regulation of protein export fr...",6,2,0.17,84,"0.01084","0.01084"
"285","GO:0007155","cell adhesion",334,17,9.36,85,"0.57369","0.01088"
"286","GO:0001817","regulation of cytokine production",155,10,4.34,86,"0.08551","0.01091"
"287","GO:0030166","proteoglycan biosynthetic process",17,3,0.48,87,"0.01094","0.01094"
"288","GO:0022610","biological adhesion",335,17,9.38,88,"0.57767","0.01119"
"289","GO:0002682","regulation of immune system process",363,18,10.17,89,"0.93609","0.01139"
"290","GO:0007275","multicellular organism development",1192,45,33.39,90,"0.14261","0.01228"
"291","GO:0061448","connective tissue development",50,5,1.4,91,"0.01229","0.01229"
"292","GO:0009893","positive regulation of metabolic process",748,31,20.95,92,"0.03600","0.01252"
"293","GO:0008643","carbohydrate transport",51,5,1.43,93,"1.00000","0.01332"
"294","GO:0070887","cellular response to chemical stimulus",752,31,21.07,94,"0.04936","0.01349"
"295","GO:0045216","cell-cell junction organization",52,5,1.46,95,"0.62032","0.01442"
"296","GO:0046633","alpha-beta T cell proliferation",7,2,0.2,96,"1.00000","0.01490"
"297","GO:0060294","cilium movement involved in cell motilit...",7,2,0.2,97,"0.01490","0.01490"
"298","GO:0046632","alpha-beta T cell differentiation",19,3,0.53,98,"0.01497","0.01497"
"299","GO:0002521","leukocyte differentiation",116,8,3.25,99,"0.48234","0.01529"
"300","GO:0042221","response to chemical",1015,39,28.43,100,"0.04812","0.01626"
"301","GO:0002768","immune response-regulating cell surface ...",95,7,2.66,101,"0.01638","0.01638"
"302","GO:0048731","system development",1050,40,29.41,102,"0.20444","0.01697"
"303","GO:0051250","negative regulation of lymphocyte activa...",36,4,1.01,103,"0.57786","0.01727"
"304","GO:1903708","positive regulation of hemopoiesis",37,4,1.04,104,"0.44292","0.01895"
"305","GO:0001539","cilium or flagellum-dependent cell motil...",8,2,0.22,105,"0.01951","0.01951"
"306","GO:0015012","heparan sulfate proteoglycan biosyntheti...",8,2,0.22,106,"0.01951","0.01951"
"307","GO:0060285","cilium-dependent cell motility",8,2,0.22,107,"0.01951","0.01951"
"308","GO:0032502","developmental process",1424,51,39.89,108,"0.15646","0.01963"
"309","GO:0031279","regulation of cyclase activity",21,3,0.59,109,"0.01973","0.01973"
"310","GO:0051339","regulation of lyase activity",21,3,0.59,110,"0.01973","0.01973"
"311","GO:0007267","cell-cell signaling",357,17,10,111,"0.02005","0.02005"
"312","GO:0009891","positive regulation of biosynthetic proc...",415,19,11.63,112,"0.07598","0.02063"
"313","GO:0009190","cyclic nucleotide biosynthetic process",38,4,1.06,113,"0.02074","0.02074"
"314","GO:0052652","cyclic purine nucleotide metabolic proce...",38,4,1.06,114,"0.02074","0.02074"
"315","GO:0002683","negative regulation of immune system pro...",100,7,2.8,115,"0.26107","0.02117"
"316","GO:0007050","cell cycle arrest",58,5,1.62,116,"0.02228","0.02228"
"317","GO:0034330","cell junction organization",58,5,1.62,117,"0.67866","0.02228"
"318","GO:0010837","regulation of keratinocyte proliferation",9,2,0.25,118,"0.02463","0.02463"
"319","GO:0031641","regulation of myelination",9,2,0.25,119,"0.02463","0.02463"
"320","GO:0030201","heparan sulfate proteoglycan metabolic p...",9,2,0.25,120,"0.02463","0.02463"
"321","GO:0007218","neuropeptide signaling pathway",23,3,0.64,121,"0.02523","0.02523"
"322","GO:0016485","protein processing",60,5,1.68,122,"0.02541","0.02541"
"323","GO:0051216","cartilage development",41,4,1.15,123,"0.02669","0.02669"
"324","GO:0043901","negative regulation of multi-organism pr...",41,4,1.15,124,"0.02669","0.02669"
"325","GO:0008645","hexose transport",41,4,1.15,125,"0.02669","0.02669"
"326","GO:0015758","glucose transport",41,4,1.15,126,"0.02669","0.02669"
"327","GO:0051961","negative regulation of nervous system de...",61,5,1.71,127,"0.02708","0.02708"
"328","GO:0030097","hemopoiesis",205,11,5.74,128,"0.38174","0.02740"
"329","GO:1901700","response to oxygen-containing compound",400,18,11.21,129,"0.02818","0.02818"
"330","GO:0051291","protein heterooligomerization",24,3,0.67,130,"0.02826","0.02826"
"331","GO:2001057","reactive nitrogen species metabolic proc...",24,3,0.67,131,"0.02826","0.02826"
"332","GO:0006029","proteoglycan metabolic process",24,3,0.67,132,"0.02826","0.02826"
"333","GO:0045786","negative regulation of cell cycle",155,9,4.34,133,"0.02865","0.02865"
"334","GO:0045944","positive regulation of transcription fro...",233,12,6.53,134,"0.02868","0.02868"
"335","GO:0050778","positive regulation of immune response",181,10,5.07,135,"0.02923","0.02923"
"336","GO:0032743","positive regulation of interleukin-2 pro...",10,2,0.28,136,"0.03023","0.03023"
"337","GO:0032674","regulation of interleukin-5 production",10,2,0.28,137,"0.03023","0.03023"
"338","GO:0032634","interleukin-5 production",10,2,0.28,138,"0.03023","0.03023"
"339","GO:0046825","regulation of protein export from nucleu...",10,2,0.28,139,"0.03023","0.03023"
"340","GO:0030206","chondroitin sulfate biosynthetic process",10,2,0.28,140,"0.03023","0.03023"
"341","GO:1902105","regulation of leukocyte differentiation",63,5,1.76,141,"1.00000","0.03062"
"342","GO:0002764","immune response-regulating signaling pat...",132,8,3.7,142,"0.03066","0.03066"
"343","GO:0002429","immune response-activating cell surface ...",85,6,2.38,143,"0.03087","0.03087"
"344","GO:0048534","hematopoietic or lymphoid organ developm...",210,11,5.88,144,"0.40626","0.03198"
"345","GO:0031328","positive regulation of cellular biosynth...",408,18,11.43,145,"0.11417","0.03352"
"346","GO:0034329","cell junction assembly",44,4,1.23,146,"1.00000","0.03357"
"347","GO:0002822","regulation of adaptive immune response b...",44,4,1.23,147,"0.03357","0.03357"
"348","GO:0042542","response to hydrogen peroxide",26,3,0.73,148,"0.03487","0.03487"
"349","GO:0009187","cyclic nucleotide metabolic process",45,4,1.26,149,"0.03607","0.03607"
"350","GO:0070671","response to interleukin-12",11,2,0.31,150,"0.03628","0.03628"
"351","GO:0042088","T-helper 1 type immune response",11,2,0.31,151,"0.03628","0.03628"
"352","GO:0035722","interleukin-12-mediated signaling pathwa...",11,2,0.31,152,"0.03628","0.03628"
"353","GO:0002704","negative regulation of leukocyte mediate...",11,2,0.31,153,"0.03628","0.03628"
"354","GO:0071349","cellular response to interleukin-12",11,2,0.31,154,"0.03628","0.03628"
"355","GO:0002828","regulation of type 2 immune response",11,2,0.31,155,"0.03628","0.03628"
"356","GO:0043367","CD4-positive, alpha-beta T cell differen...",11,2,0.31,156,"0.03628","0.03628"
"357","GO:0071310","cellular response to organic substance",624,25,17.48,157,"0.03704","0.03704"
"358","GO:0001944","vasculature development",163,9,4.57,158,"0.03789","0.03789"
"359","GO:1901137","carbohydrate derivative biosynthetic pro...",216,11,6.05,159,"0.03816","0.03816"
"360","GO:1901701","cellular response to oxygen-containing c...",271,13,7.59,160,"0.03836","0.03836"
"361","GO:0030148","sphingolipid biosynthetic process",27,3,0.76,161,"0.03844","0.03844"
"362","GO:0002460","adaptive immune response based on somati...",67,5,1.88,162,"0.03855","0.03855"
"363","GO:0002819","regulation of adaptive immune response",46,4,1.29,163,"0.03868","0.03868"
"364","GO:0071375","cellular response to peptide hormone sti...",68,5,1.9,164,"0.04071","0.04071"
"365","GO:0010604","positive regulation of macromolecule met...",693,27,19.41,165,"0.10458","0.04137"
"366","GO:0002253","activation of immune response",140,8,3.92,166,"0.04137","0.04137"
"367","GO:0072358","cardiovascular system development",166,9,4.65,167,"0.04183","0.04183"
"368","GO:0042035","regulation of cytokine biosynthetic proc...",28,3,0.78,168,"1.00000","0.04220"
"369","GO:0048856","anatomical structure development",1315,46,36.84,169,"0.28029","0.04259"
"370","GO:0046637","regulation of alpha-beta T cell differen...",12,2,0.34,170,"0.04275","0.04275"
"371","GO:0050650","chondroitin sulfate proteoglycan biosynt...",12,2,0.34,171,"0.04275","0.04275"
"372","GO:0006040","amino sugar metabolic process",12,2,0.34,172,"0.04275","0.04275"
"373","GO:0010508","positive regulation of autophagy",12,2,0.34,173,"0.04275","0.04275"
"374","GO:0035306","positive regulation of dephosphorylation",12,2,0.34,174,"0.04275","0.04275"
"375","GO:0031281","positive regulation of cyclase activity",12,2,0.34,175,"0.04275","0.04275"
"376","GO:0048247","lymphocyte chemotaxis",12,2,0.34,176,"0.04275","0.04275"
"377","GO:0002763","positive regulation of myeloid leukocyte...",12,2,0.34,177,"0.04275","0.04275"
"378","GO:0043616","keratinocyte proliferation",12,2,0.34,178,"0.04275","0.04275"
"379","GO:0071377","cellular response to glucagon stimulus",12,2,0.34,179,"0.04275","0.04275"
"380","GO:0045582","positive regulation of T cell differenti...",12,2,0.34,180,"0.04275","0.04275"
"381","GO:0001819","positive regulation of cytokine producti...",116,7,3.25,181,"0.29337","0.04288"
"382","GO:0002376","immune system process",698,27,19.55,182,"0.82475","0.04475"
"383","GO:0006611","protein export from nucleus",29,3,0.81,183,"0.04614","0.04614"
"384","GO:0007188","adenylate cyclase-modulating G-protein c...",29,3,0.81,184,"0.04614","0.04614"
"385","GO:0071222","cellular response to lipopolysaccharide",49,4,1.37,185,"0.04714","0.04714"
"386","GO:0051173","positive regulation of nitrogen compound...",673,26,18.85,186,"0.12307","0.04946"
"387","GO:0002548","monocyte chemotaxis",13,2,0.36,187,"0.04962","0.04962"
"388","GO:0046605","regulation of centrosome cycle",13,2,0.36,188,"0.04962","0.04962"
"389","GO:1904407","positive regulation of nitric oxide meta...",13,2,0.36,189,"0.04962","0.04962"
"390","GO:0045429","positive regulation of nitric oxide bios...",13,2,0.36,190,"0.04962","0.04962"
"391","GO:0033059","cellular pigmentation",13,2,0.36,191,"0.04962","0.04962"
"392","GO:0038083","peptidyl-tyrosine autophosphorylation",13,2,0.36,192,"0.04962","0.04962"
"393","GO:0051349","positive regulation of lyase activity",13,2,0.36,193,"0.04962","0.04962"
"394","GO:0002702","positive regulation of production of mol...",30,3,0.84,194,"0.05025","0.05025"
"395","GO:0002824","positive regulation of adaptive immune r...",30,3,0.84,195,"0.05025","0.05025"
"396","GO:0051168","nuclear export",30,3,0.84,196,"0.05025","0.05025"
"397","GO:0002520","immune system development",226,11,6.33,197,"0.48395","0.05026"
"398","GO:0019221","cytokine-mediated signaling pathway",172,9,4.82,198,"0.05052","0.05052"
"399","GO:0010628","positive regulation of gene expression",399,17,11.18,199,"0.05091","0.05091"
"400","GO:0032496","response to lipopolysaccharide",96,6,2.69,200,"0.05120","0.05120"
"401","GO:0005833","hemoglobin complex",10,6,0.27,1,"6.7e-08","6.7e-08"
"402","GO:0016323","basolateral plasma membrane",54,8,1.46,2,"8.3e-05","8.3e-05"
"403","GO:0044445","cytosolic part",48,7,1.3,3,"0.6007","0.00026"
"404","GO:0044459","plasma membrane part",679,33,18.36,4,"0.0599","0.00037"
"405","GO:0120025","plasma membrane bounded cell projection",494,26,13.36,5,"0.0063","0.00055"
"406","GO:0042995","cell projection",509,26,13.77,6,"1.0000","0.00087"
"407","GO:0071682","endocytic vesicle lumen",11,3,0.3,7,"0.0027","0.00272"
"408","GO:0001726","ruffle",40,5,1.08,8,"0.0041","0.00411"
"409","GO:0098590","plasma membrane region",262,15,7.09,9,"0.2819","0.00431"
"410","GO:0022627","cytosolic small ribosomal subunit",5,2,0.14,10,"0.0069","0.00688"
"411","GO:0031234","extrinsic component of cytoplasmic side ...",29,4,0.78,11,"0.0072","0.00717"
"412","GO:0005884","actin filament",30,4,0.81,12,"0.0081","0.00810"
"413","GO:0001650","fibrillar center",31,4,0.84,13,"0.0091","0.00911"
"414","GO:0019897","extrinsic component of plasma membrane",34,4,0.92,14,"1.0000","0.01262"
"415","GO:0005615","extracellular space",911,35,24.64,15,"0.0145","0.01454"
"416","GO:0036126","sperm flagellum",21,3,0.57,16,"0.0180","0.01799"
"417","GO:0097729","9+2 motile cilium",21,3,0.57,17,"0.0180","0.01799"
"418","GO:0015629","actin cytoskeleton",101,7,2.73,18,"0.2873","0.01877"
"419","GO:0044421","extracellular region part",962,36,26.02,19,"0.0194","0.01944"
"420","GO:0072562","blood microparticle",39,4,1.05,20,"0.0202","0.02018"
"421","GO:0044440","endosomal part",128,8,3.46,21,"0.0217","0.02174"
"422","GO:0044441","ciliary part",128,8,3.46,22,"0.0217","0.02174"
"423","GO:0098858","actin-based cell projection",41,4,1.11,23,"0.0238","0.02385"
"424","GO:0005576","extracellular region",1113,40,30.1,24,"0.0251","0.02512"
"425","GO:0005886","plasma membrane",1253,44,33.89,25,"0.2958","0.02650"
"426","GO:0005771","multivesicular body",10,2,0.27,26,"0.0283","0.02833"
"427","GO:0022626","cytosolic ribosome",10,2,0.27,27,"1.0000","0.02833"
"428","GO:0009925","basal plasma membrane",10,2,0.27,28,"0.0283","0.02833"
"429","GO:0009898","cytoplasmic side of plasma membrane",45,4,1.22,29,"1.0000","0.03232"
"430","GO:0097458","neuron part",363,16,9.82,30,"0.0340","0.03399"
"431","GO:0071944","cell periphery",1273,44,34.43,31,"0.3347","0.03429"
"432","GO:0044452","nucleolar part",47,4,1.27,32,"1.0000","0.03714"
"433","GO:0060170","ciliary membrane",28,3,0.76,33,"0.0387","0.03866"
"434","GO:0005929","cilium",170,9,4.6,34,"0.0395","0.03949"
"435","GO:0099513","polymeric cytoskeletal fiber",171,9,4.62,35,"0.3135","0.04077"
"436","GO:0010008","endosome membrane",119,7,3.22,36,"0.0412","0.04117"
"437","GO:0098562","cytoplasmic side of membrane",49,4,1.33,37,"1.0000","0.04236"
"438","GO:0031252","cell leading edge",96,6,2.6,38,"0.7756","0.04451"
"439","GO:0044463","cell projection part",287,13,7.76,39,"0.0449","0.04486"
"440","GO:0120038","plasma membrane bounded cell projection ...",287,13,7.76,40,"0.0449","0.04486"
"441","GO:0005887","integral component of plasma membrane",407,17,11.01,41,"0.0454","0.04539"
"442","GO:0098552","side of membrane",123,7,3.33,42,"0.4526","0.04783"
"443","GO:0030027","lamellipodium",52,4,1.41,43,"0.0509","0.05091"
"444","GO:0045178","basal part of cell",14,2,0.38,44,"0.0534","0.05340"
"445","GO:0005856","cytoskeleton",512,20,13.85,45,"0.1958","0.05615"
"446","GO:0097060","synaptic membrane",78,5,2.11,46,"0.0588","0.05884"
"447","GO:0031226","intrinsic component of plasma membrane",427,17,11.55,47,"0.0658","0.06581"
"448","GO:0045211","postsynaptic membrane",57,4,1.54,48,"0.0671","0.06713"
"449","GO:0043005","neuron projection",277,12,7.49,49,"0.0696","0.06955"
"450","GO:0101003","ficolin-1-rich granule membrane",17,2,0.46,50,"0.0757","0.07575"
"451","GO:0097223","sperm part",37,3,1,51,"0.0771","0.07710"
"452","GO:0005768","endosome",225,10,6.09,52,"0.0817","0.08171"
"453","GO:0030315","T-tubule",18,2,0.49,53,"0.0838","0.08375"
"454","GO:0031514","motile cilium",39,3,1.05,54,"0.0873","0.08729"
"455","GO:0045177","apical part of cell",89,5,2.41,55,"0.0920","0.09196"
"456","GO:0005902","microvillus",19,2,0.51,56,"0.0920","0.09200"
"457","GO:0015935","small ribosomal subunit",19,2,0.51,57,"1.0000","0.09200"
"458","GO:0043235","receptor complex",90,5,2.43,58,"0.0954","0.09537"
"459","GO:0099512","supramolecular fiber",232,10,6.27,59,"0.4418","0.09553"
"460","GO:0044425","membrane part",1688,53,45.65,60,"0.4489","0.09775"
"461","GO:0019898","extrinsic component of membrane",65,4,1.76,61,"1.0000","0.09793"
"462","GO:0099081","supramolecular polymer",234,10,6.33,62,"0.4513","0.09972"
"463","GO:0099080","supramolecular complex",235,10,6.36,63,"0.4560","0.10186"
"464","GO:0030139","endocytic vesicle",67,4,1.81,64,"0.7791","0.10651"
"465","GO:0031902","late endosome membrane",43,3,1.16,65,"0.1092","0.10924"
"466","GO:0098588","bounding membrane of organelle",559,20,15.12,66,"0.1135","0.11350"
"467","GO:0042470","melanosome",22,2,0.59,67,"0.1180","0.11804"
"468","GO:0048770","pigment granule",22,2,0.59,68,"0.1180","0.11804"
"469","GO:0005741","mitochondrial outer membrane",45,3,1.22,69,"0.1209","0.12095"
"470","GO:0030425","dendrite",125,6,3.38,70,"0.1213","0.12132"
"471","GO:0044430","cytoskeletal part",402,15,10.87,71,"0.3897","0.12340"
"472","GO:0036477","somatodendritic compartment",184,8,4.98,72,"0.1236","0.12359"
"473","GO:0030175","filopodium",23,2,0.62,73,"0.1271","0.12709"
"474","GO:0036038","MKS complex",5,1,0.14,74,"0.1282","0.12816"
"475","GO:0033270","paranode region of axon",5,1,0.14,75,"0.1282","0.12816"
"476","GO:0042827","platelet dense granule",5,1,0.14,76,"0.1282","0.12816"
"477","GO:0031904","endosome lumen",5,1,0.14,77,"0.1282","0.12816"
"478","GO:0031430","M band",5,1,0.14,78,"0.1282","0.12816"
"479","GO:0016324","apical plasma membrane",74,4,2,79,"0.1391","0.13908"
"480","GO:0000242","pericentriolar material",6,1,0.16,80,"0.1518","0.15176"
"481","GO:0043034","costamere",6,1,0.16,81,"0.1518","0.15176"
"482","GO:0000815","ESCRT III complex",6,1,0.16,82,"0.1518","0.15176"
"483","GO:0036020","endolysosome membrane",6,1,0.16,83,"0.1518","0.15176"
"484","GO:0043240","Fanconi anaemia nuclear complex",6,1,0.16,84,"0.1518","0.15176"
"485","GO:0070820","tertiary granule",51,3,1.38,85,"0.1586","0.15856"
"486","GO:0101002","ficolin-1-rich granule",51,3,1.38,86,"0.1586","0.15856"
"487","GO:0031968","organelle outer membrane",51,3,1.38,87,"0.1586","0.15856"
"488","GO:0019867","outer membrane",51,3,1.38,88,"0.1586","0.15856"
"489","GO:0005770","late endosome",78,4,2.11,89,"0.1593","0.15928"
"490","GO:0005911","cell-cell junction",107,5,2.89,90,"0.1625","0.16252"
"491","GO:0097546","ciliary base",7,1,0.19,91,"0.1747","0.17474"
"492","GO:0005922","connexin complex",7,1,0.19,92,"0.1747","0.17474"
"493","GO:0034362","low-density lipoprotein particle",7,1,0.19,93,"0.1747","0.17474"
"494","GO:0036019","endolysosome",7,1,0.19,94,"0.1747","0.17474"
"495","GO:1904115","axon cytoplasm",7,1,0.19,95,"0.1747","0.17474"
"496","GO:0098805","whole membrane",429,15,11.6,96,"0.1800","0.18003"
"497","GO:0098563","intrinsic component of synaptic vesicle ...",8,1,0.22,97,"0.1971","0.19709"
"498","GO:0031672","A band",8,1,0.22,98,"0.1971","0.19709"
"499","GO:0030054","cell junction",276,10,7.46,99,"0.2114","0.21137"
"500","GO:0014069","postsynaptic density",59,3,1.6,100,"0.2133","0.21331"
"501","GO:0099572","postsynaptic specialization",59,3,1.6,101,"0.2133","0.21331"
"502","GO:0005794","Golgi apparatus",410,14,11.09,102,"0.2155","0.21551"
"503","GO:0080008","Cul4-RING E3 ubiquitin ligase complex",9,1,0.24,103,"0.2188","0.21884"
"504","GO:0090543","Flemming body",9,1,0.24,104,"0.2188","0.21884"
"505","GO:0097381","photoreceptor disc membrane",9,1,0.24,105,"0.2188","0.21884"
"506","GO:0098797","plasma membrane protein complex",60,3,1.62,106,"0.2204","0.22043"
"507","GO:0032279","asymmetric synapse",61,3,1.65,107,"0.2276","0.22760"
"508","GO:0031982","vesicle",1078,33,29.15,108,"0.3832","0.23316"
"509","GO:0036064","ciliary basal body",34,2,0.92,109,"0.2341","0.23409"
"510","GO:0005930","axoneme",34,2,0.92,110,"0.2341","0.23409"
"511","GO:0098984","neuron to neuron synapse",62,3,1.68,111,"0.2348","0.23482"
"512","GO:0031253","cell projection membrane",92,4,2.49,112,"0.2372","0.23716"
"513","GO:0030687","preribosome, large subunit precursor",10,1,0.27,113,"0.2400","0.24001"
"514","GO:0032281","AMPA glutamate receptor complex",10,1,0.27,114,"0.2400","0.24001"
"515","GO:0045171","intercellular bridge",10,1,0.27,115,"0.2400","0.24001"
"516","GO:0030140","trans-Golgi network transport vesicle",10,1,0.27,116,"0.2400","0.24001"
"517","GO:0036452","ESCRT complex",10,1,0.27,117,"0.2400","0.24001"
"518","GO:0016328","lateral plasma membrane",10,1,0.27,118,"0.2400","0.24001"
"519","GO:0099568","cytoplasmic region",63,3,1.7,119,"0.2421","0.24208"
"520","GO:0097014","ciliary plasm",35,2,0.95,120,"0.2442","0.24418"
"521","GO:0043204","perikaryon",36,2,0.97,121,"0.2543","0.25430"
"522","GO:0031228","intrinsic component of Golgi membrane",11,1,0.3,122,"0.2606","0.26061"
"523","GO:0030173","integral component of Golgi membrane",11,1,0.3,123,"0.2606","0.26061"
"524","GO:0001917","photoreceptor inner segment",11,1,0.3,124,"0.2606","0.26061"
"525","GO:0005921","gap junction",11,1,0.3,125,"0.2606","0.26061"
"526","GO:0030669","clathrin-coated endocytic vesicle membra...",11,1,0.3,126,"0.2606","0.26061"
"527","GO:0042383","sarcolemma",37,2,1,127,"0.2644","0.26442"
"528","GO:0098589","membrane region",99,4,2.68,128,"0.2791","0.27907"
"529","GO:0030424","axon",99,4,2.68,129,"0.2791","0.27907"
"530","GO:0005912","adherens junction",99,4,2.68,130,"0.2791","0.27907"
"531","GO:0005829","cytosol",1246,37,33.7,131,"0.6024","0.27939"
"532","GO:0005834","heterotrimeric G-protein complex",12,1,0.32,132,"0.2807","0.28066"
"533","GO:1905360","GTPase complex",12,1,0.32,133,"0.2807","0.28066"
"534","GO:0031941","filamentous actin",12,1,0.32,134,"0.2807","0.28066"
"535","GO:0005637","nuclear inner membrane",12,1,0.32,135,"0.2807","0.28066"
"536","GO:0001533","cornified envelope",12,1,0.32,136,"0.2807","0.28066"
"537","GO:0032838","cell projection cytoplasm",12,1,0.32,137,"0.2807","0.28066"
"538","GO:0016020","membrane",2305,66,62.34,138,"0.6303","0.28103"
"539","GO:0030055","cell-substrate junction",70,3,1.89,139,"0.2937","0.29372"
"540","GO:0005924","cell-substrate adherens junction",70,3,1.89,140,"0.2937","0.29372"
"541","GO:0005925","focal adhesion",70,3,1.89,141,"0.2937","0.29372"
"542","GO:0044433","cytoplasmic vesicle part",405,13,10.95,142,"0.6033","0.29885"
"543","GO:0031984","organelle subcompartment",440,14,11.9,143,"0.3000","0.29997"
"544","GO:0030864","cortical actin cytoskeleton",13,1,0.35,144,"0.3002","0.30016"
"545","GO:0016459","myosin complex",13,1,0.35,145,"0.3002","0.30016"
"546","GO:0045334","clathrin-coated endocytic vesicle",13,1,0.35,146,"0.3002","0.30016"
"547","GO:0070161","anchoring junction",103,4,2.79,147,"0.3036","0.30355"
"548","GO:0005795","Golgi stack",41,2,1.11,148,"0.3049","0.30487"
"549","GO:0009897","external side of plasma membrane",72,3,1.95,149,"0.3086","0.30865"
"550","GO:0009986","cell surface",203,7,5.49,150,"0.3093","0.30929"
"551","GO:0033267","axon part",42,2,1.14,151,"0.3149","0.31494"
"552","GO:0044391","ribosomal subunit",42,2,1.14,152,"1.0000","0.31494"
"553","GO:0012505","endomembrane system",1122,33,30.34,153,"0.3189","0.31891"
"554","GO:0044215","other organism",14,1,0.38,154,"0.3191","0.31915"
"555","GO:0044216","other organism cell",14,1,0.38,155,"0.3191","0.31915"
"556","GO:0044217","other organism part",14,1,0.38,156,"0.3191","0.31915"
"557","GO:0015630","microtubule cytoskeleton",310,10,8.38,157,"0.3278","0.32781"
"558","GO:0031410","cytoplasmic vesicle",591,18,15.98,158,"0.5796","0.33050"
"559","GO:0043232","intracellular non-membrane-bounded organ...",985,29,26.64,159,"0.8657","0.33377"
"560","GO:0043228","non-membrane-bounded organelle",985,29,26.64,160,"0.8657","0.33377"
"561","GO:0097708","intracellular vesicle",593,18,16.04,161,"0.5853","0.33594"
"562","GO:0032994","protein-lipid complex",15,1,0.41,162,"0.3376","0.33762"
"563","GO:0034358","plasma lipoprotein particle",15,1,0.41,163,"0.3376","0.33762"
"564","GO:1990777","lipoprotein particle",15,1,0.41,164,"0.3376","0.33762"
"565","GO:0005881","cytoplasmic microtubule",15,1,0.41,165,"0.3376","0.33762"
"566","GO:0014704","intercalated disc",15,1,0.41,166,"0.3376","0.33762"
"567","GO:0045121","membrane raft",76,3,2.06,167,"0.3386","0.33857"
"568","GO:0098857","membrane microdomain",77,3,2.08,168,"0.3460","0.34605"
"569","GO:0030136","clathrin-coated vesicle",46,2,1.24,169,"0.3548","0.35483"
"570","GO:0008328","ionotropic glutamate receptor complex",16,1,0.43,170,"0.3556","0.35559"
"571","GO:0071013","catalytic step 2 spliceosome",16,1,0.43,171,"0.3556","0.35559"
"572","GO:0016605","PML body",16,1,0.43,172,"0.3556","0.35559"
"573","GO:0030863","cortical cytoskeleton",16,1,0.43,173,"0.3556","0.35559"
"574","GO:0098878","neurotransmitter receptor complex",16,1,0.43,174,"0.3556","0.35559"
"575","GO:0043198","dendritic shaft",16,1,0.43,175,"0.3556","0.35559"
"576","GO:0070062","extracellular exosome",676,20,18.28,176,"0.3675","0.36749"
"577","GO:0098794","postsynapse",114,4,3.08,177,"0.3718","0.37178"
"578","GO:1903561","extracellular vesicle",678,20,18.34,178,"0.3728","0.37280"
"579","GO:0044304","main axon",17,1,0.46,179,"0.3731","0.37308"
"580","GO:0043230","extracellular organelle",679,20,18.36,180,"0.3755","0.37547"
"581","GO:0005874","microtubule",115,4,3.11,181,"0.3780","0.37800"
"582","GO:0045202","synapse",220,7,5.95,182,"0.3852","0.38518"
"583","GO:0005776","autophagosome",18,1,0.49,183,"0.3901","0.39010"
"584","GO:0035869","ciliary transition zone",18,1,0.49,184,"0.3901","0.39010"
"585","GO:0044456","synapse part",188,6,5.08,185,"0.3992","0.39924"
"586","GO:0044291","cell-cell contact zone",19,1,0.51,186,"0.4067","0.40666"
"587","GO:0042734","presynaptic membrane",19,1,0.51,187,"0.4067","0.40666"
"588","GO:0098791","Golgi subcompartment",225,7,6.09,188,"0.4078","0.40776"
"589","GO:0005730","nucleolus",226,7,6.11,189,"0.8948","0.41227"
"590","GO:0005815","microtubule organizing center",192,6,5.19,190,"0.4189","0.41887"
"591","GO:0005840","ribosome",53,2,1.43,191,"1.0000","0.42250"
"592","GO:0005938","cell cortex",53,2,1.43,192,"0.4225","0.42250"
"593","GO:0005811","lipid droplet",20,1,0.54,193,"0.4228","0.42278"
"594","GO:0070821","tertiary granule membrane",20,1,0.54,194,"0.4228","0.42278"
"595","GO:0031300","intrinsic component of organelle membran...",54,2,1.46,195,"0.4319","0.43188"
"596","GO:0030684","preribosome",21,1,0.57,196,"0.4385","0.43846"
"597","GO:0044853","plasma membrane raft",21,1,0.57,197,"0.4385","0.43846"
"598","GO:0000139","Golgi membrane",198,6,5.35,198,"0.4482","0.44818"
"599","GO:0005905","clathrin-coated pit",22,1,0.59,199,"0.4537","0.45371"
"600","GO:1905368","peptidase complex",22,1,0.59,200,"0.4537","0.45371"
